email,name,surname,phone
"marco.neri@gmail.com","Marco","Neri","320 123 4567"
"franco.verdi@gmail.com","Franco","Verdi","340 987 6543"
"marta.rossi@gmail.com","Marta","Rossi","350 555 1234"
"chiara.bianchi@gmail.com","Chiara","Bianchi","360 789 4321"
"elisa.gialli@gmail.com","Elisa","Gialli","345 678 9012"
"mara.arancio@gmail.com","Mara","Arancio","370 111 2222"
